aX,aY,aZ,gX,gY,gZ
-0.304,0.109,2.107,214.111,17.700,33.386
"
-0.304",0.087,2.116,232.300,25.269,38.757
"
-0.283",0.069,2.090,245.605,35.400,40.710
"
-0.252",0.087,2.091,252.502,48.096,39.612
"
-0.222",0.115,2.052,261.292,59.448,39.368
"
-0.197",0.109,1.964,276.550,67.932,40.466
"
-0.191",0.088,1.818,293.579,79.346,41.077
"
-0.149",0.054,1.629,309.875,94.116,43.152
"
-0.045",-0.020,1.438,323.486,103.394,46.448
"
-0.008",-0.078,1.266,329.285,107.178,45.471
"
0.011",-0.125,1.078,331.787,109.802,43.884
"
0.041",-0.171,0.906,333.008,114.746,43.396
"
0.058",-0.192,0.731,332.397,124.146,43.640
"
0.114",-0.235,0.525,330.750,134.888,44.678
"
0.149",-0.291,0.360,323.364,146.912,42.847
"
0.147",-0.332,0.269,308.350,158.630,38.208
"
0.082",-0.270,0.195,293.518,172.363,35.583
"
0.063",-0.182,0.095,287.598,187.866,38.025
"
0.115",-0.123,0.000,289.185,203.674,42.847
"
0.132",-0.071,-0.134,294.312,214.417,45.532
"
0.139",-0.047,-0.244,300.842,215.942,49.622
"
0.115",-0.055,-0.360,304.871,210.388,53.833
"
0.051",-0.067,-0.509,304.138,203.186,55.542
"
-0.000",-0.088,-0.645,297.546,203.247,56.580
"
-0.041",-0.133,-0.737,284.912,207.764,57.068
"
-0.063",-0.172,-0.786,266.113,212.219,56.641
"
-0.075",-0.187,-0.830,244.141,215.515,54.626
"
-0.097",-0.202,-0.868,221.863,215.332,51.453
"
-0.128",-0.178,-0.890,201.172,215.393,48.889
"
-0.098",-0.107,-0.915,185.669,216.370,47.485
"
-0.066",-0.030,-0.985,177.063,213.867,45.227
"
-0.023",0.050,-1.105,174.683,204.651,41.687
"
0.033",0.120,-1.272,177.429,189.575,37.903
"
0.052",0.147,-1.528,182.251,168.091,32.471
"
0.029",0.140,-1.824,183.533,140.198,25.513
"
0.035",0.156,-2.101,177.551,109.497,19.226
"
-0.004",0.158,-2.388,166.992,76.477,11.536
"
-0.022",0.083,-2.647,153.870,39.612,4.211
"
-0.057",-0.035,-2.865,132.019,2.502,-1.099
"
-0.102",-0.166,-3.006,97.412,-33.020,-6.836
"
-0.153",-0.273,-2.958,50.537,-63.965,-11.108
"
-0.208",-0.292,-2.728,-2.991,-84.900,-13.672
"
-0.237",-0.269,-2.444,-55.725,-93.933,-15.686
"
-0.226",-0.254,-2.141,-99.121,-100.037,-15.259
"
-0.206",-0.226,-1.855,-130.676,-107.605,-13.062
"
-0.177",-0.193,-1.617,-153.076,-115.662,-10.803
"
-0.133",-0.184,-1.434,-167.664,-123.535,-8.667
"
-0.082",-0.187,-1.343,-179.260,-130.066,-5.798
"
-0.028",-0.204,-1.282,-192.688,-132.690,-3.052
"
0.028",-0.174,-1.231,-209.839,-130.493,-0.061
"
0.134",-0.140,-1.177,-228.699,-120.422,3.662
"
0.279",-0.155,-1.159,-246.216,-108.093,5.615
"
0.412",-0.150,-1.117,-264.343,-101.807,3.357
"
0.502",-0.107,-1.031,-282.959,-103.516,-2.991
"
0.545",-0.051,-0.906,-294.556,-114.746,-12.329
"
0.548",-0.010,-0.787,-300.476,-130.737,-22.400
"
0.472",0.028,-0.643,-301.147,-147.766,-32.410
"
0.366",0.059,-0.511,-297.241,-161.743,-40.100
"
0.286",0.049,-0.397,-291.382,-167.114,-42.908
"
0.238",0.022,-0.356,-285.645,-163.208,-42.786
"
0.169",-0.034,-0.318,-284.119,-155.823,-42.603
"
0.110",-0.002,-0.254,-291.138,-144.958,-43.884
"
0.046",0.020,-0.187,-302.185,-134.033,-47.424
"
-0.016",0.086,-0.082,-312.073,-130.066,-50.354
"
-0.109",0.169,0.083,-318.298,-133.301,-51.147
"
-0.175",0.246,0.265,-316.833,-143.860,-49.866
"
-0.247",0.301,0.503,-304.382,-156.067,-41.504
"
-0.263",0.302,0.646,-278.687,-167.603,-29.480
"
-0.222",0.232,0.709,-246.948,-178.528,-17.151
"
-0.105",0.035,0.633,-222.229,-193.237,-12.573
"
-0.040",-0.208,0.620,-223.694,-212.158,-25.330
"
-0.125",-0.172,0.802,-259.460,-231.873,-52.673
"
-0.274",0.025,1.029,-301.697,-244.812,-77.759
"
-0.509",0.220,1.483,-325.623,-241.943,-90.698
"
-0.572",0.410,1.913,-326.904,-211.609,-87.402
"
-0.459",0.540,2.270,-306.091,-160.583,-71.533
"
-0.282",0.560,2.559,-270.142,-120.850,-56.946
"
-0.274",0.463,2.717,-230.713,-112.610,-51.758
"
-0.444",0.308,2.769,-193.481,-124.512,-54.016
"
-0.615",0.113,2.669,-161.194,-131.226,-54.199
"
-0.721",-0.074,2.486,-141.663,-115.845,-52.673
"
-0.717",-0.146,2.325,-135.620,-77.271,-49.255
"
-0.596",-0.140,2.130,-131.531,-34.424,-40.405
"
-0.044",-0.449,2.193,-123.230,-7.935,-31.311
"
0.473",-0.754,2.931,-131.470,-34.607,-36.682
"
-0.534",-0.004,3.044,-138.489,-113.281,-60.059
"
-0.802",0.032,2.304,-73.425,-124.084,-54.626
"
-0.570",-0.412,1.805,14.465,-40.771,-20.386
"
-0.352",-0.514,1.173,46.753,28.137,9.460
"
-0.200",-0.503,0.765,42.236,62.378,29.663
"
-0.090",-0.519,0.517,28.137,72.021,39.307
"
-0.009",-0.528,0.439,2.502,71.594,40.161
"
0.095",-0.409,0.533,-28.809,67.810,35.156
"
0.207",-0.279,0.686,-51.758,63.599,26.245
"
0.321",-0.187,0.839,-59.326,53.650,15.625
"
0.356",-0.117,1.022,-55.298,33.386,6.409
"
0.272",-0.093,1.259,-43.518,2.991,-0.854
"
0.112",-0.086,1.521,-28.442,-27.283,-6.958
"
-0.075",-0.072,1.788,-13.000,-49.377,-10.864
"
-0.254",-0.072,2.061,3.601,-56.519,-12.756
"
-0.427",-0.033,2.307,25.330,-49.866,-8.972
"
-0.534",0.005,2.446,55.969,-37.292,1.343
"
-0.569",0.022,2.473,91.614,-21.240,16.052
"
-0.573",0.041,2.421,125.244,-4.211,31.372
"
-0.542",0.052,2.303,158.081,9.644,46.692
"
-0.511",0.018,2.128,189.514,21.179,60.486
"
-0.461",-0.041,1.970,215.637,32.288,70.068
"
-0.411",-0.094,1.834,234.436,37.659,75.867
"
-0.356",-0.125,1.744,246.704,38.208,80.383
"
-0.333",-0.125,1.707,254.150,41.321,80.078
"
-0.359",-0.076,1.673,261.536,47.913,79.773
"
-0.380",-0.032,1.581,275.208,57.129,85.999
"
-0.358",-0.053,1.396,294.678,71.289,97.107
"
-0.315",-0.108,1.214,308.838,89.905,106.628
"
-0.278",-0.141,1.075,311.890,110.107,113.708
"
-0.278",-0.152,0.936,310.669,127.563,119.446
"
-0.225",-0.218,0.795,308.594,142.944,123.047
"
-0.168",-0.288,0.681,301.453,159.729,122.925
"
-0.155",-0.255,0.619,289.856,172.791,121.094
"

0.267",0.303,-2.271,106.262,171.631,-13.367
"
0.071",0.352,-2.587,102.051,127.258,-33.569
"
-0.225",0.326,-2.974,102.783,71.716,-49.805
"
-0.442",0.219,-3.363,100.586,13.184,-57.861
"
-0.480",-0.045,-3.536,84.656,-42.725,-55.176
"
-0.353",-0.356,-3.344,43.213,-87.158,-47.119
"
-0.234",-0.470,-2.824,-24.597,-108.582,-44.312
"
-0.195",-0.405,-2.237,-96.252,-112.549,-48.950
"
-0.254",-0.249,-1.672,-147.705,-114.075,-54.382
"
-0.307",-0.148,-1.259,-167.725,-116.577,-51.331
"
-0.304",-0.147,-1.063,-161.987,-118.958,-38.574
"
-0.227",-0.209,-1.063,-147.278,-121.216,-21.362
"
-0.128",-0.308,-1.145,-137.390,-120.789,-5.493
"
-0.029",-0.383,-1.239,-139.038,-119.568,6.042
"
0.047",-0.417,-1.327,-155.029,-115.540,13.367
"
0.133",-0.409,-1.387,-183.899,-105.713,15.686
"
0.241",-0.335,-1.361,-219.971,-91.309,14.832
"
0.342",-0.217,-1.269,-254.150,-79.590,11.353
"
0.383",-0.059,-1.114,-278.076,-74.036,7.690
"
0.426",0.053,-0.942,-286.682,-72.083,6.653
"
0.484",0.117,-0.785,-282.532,-71.289,6.714
"
0.546",0.111,-0.696,-269.653,-73.242,6.470
"
0.571",0.051,-0.679,-253.906,-83.313,7.812
"
0.586",-0.035,-0.698,-243.103,-95.947,7.690
"
0.563",-0.130,-0.702,-243.469,-107.544,2.441
"
0.518",-0.139,-0.660,-255.188,-114.014,-6.409
"
0.502",-0.138,-0.636,-272.949,-115.234,-15.747
"
0.494",-0.132,-0.578,-293.457,-114.624,-27.100
"
0.413",-0.053,-0.443,-314.087,-115.356,-39.124
"
0.300",0.037,-0.276,-330.505,-118.408,-49.255
"
0.187",0.129,-0.106,-336.975,-125.488,-55.176
"
0.057",0.195,0.090,-335.571,-134.827,-55.725
"
-0.037",0.244,0.214,-327.454,-144.653,-52.185
"
-0.094",0.254,0.334,-313.843,-149.292,-44.128
"
-0.120",0.272,0.433,-297.729,-148.437,-35.156
"
0.012",0.276,0.406,-281.128,-152.832,-24.963
"
0.224",0.150,0.450,-274.841,-174.744,-24.048
"
0.177",0.145,0.605,-291.931,-212.097,-47.729
"
-0.187",0.252,0.795,-319.641,-248.047,-80.505
"
-0.539",0.354,1.057,-336.365,-249.573,-96.680
"
-0.661",0.395,1.216,-337.708,-205.750,-93.872
"
-0.521",0.398,1.294,-328.857,-135.620,-73.853
"
-0.298",0.434,1.327,-318.176,-78.979,-46.997
"
-0.048",0.522,1.410,-308.350,-56.458,-30.701
"
0.128",0.618,1.576,-301.697,-70.862,-31.555
"
0.106",0.686,1.845,-297.241,-119.629,-49.561
"
-0.175",0.758,2.163,-287.781,-174.927,-72.083
"
-0.427",0.712,2.415,-263.123,-206.238,-84.595
"
-0.696",0.599,2.649,-230.774,-201.782,-84.473
"
-0.881",0.453,2.673,-192.688,-157.715,-73.547
"
-0.905",0.220,2.507,-154.785,-83.618,-53.467
"
-0.833",0.032,2.286,-131.470,-6.897,-35.217
"
-0.691",-0.055,2.091,-121.460,45.898,-23.071
"
-0.528",-0.124,1.965,-112.915,67.688,-12.634
"
-0.072",-0.268,1.971,-100.647,64.697,-1.831
"
1.097",-0.669,3.033,-103.577,17.761,-3.540
"
-0.139",0.115,3.811,-118.530,-122.131,-24.475
"
-0.743",0.517,2.857,-29.541,-170.288,-28.198
"
-0.503",-0.391,2.078,99.548,-55.603,-0.671
"
-0.292",-0.652,1.255,128.723,47.424,18.921
"
-0.180",-0.570,0.904,90.088,85.205,25.391
"
-0.061",-0.478,1.030,52.979,78.857,28.992
"
-0.033",-0.269,1.238,32.227,49.866,24.353
"
0.018",-0.169,1.341,36.011,24.475,22.095
"
0.152",-0.173,1.354,52.917,14.832,22.949
"
0.267",-0.179,1.369,67.627,10.193,20.691
"
0.275",-0.170,1.465,78.125,-2.014,16.968
"
0.159",-0.142,1.632,89.050,-25.208,12.573
"
-0.037",-0.104,1.813,103.394,-48.462,8.850
"
-0.256",-0.081,1.948,122.925,-58.594,10.376
"
-0.429",-0.066,2.028,145.630,-50.781,18.921
"
-0.541",-0.062,2.059,167.908,-30.823,31.433
"
-0.594",-0.043,2.050,188.293,-8.362,46.021
"
-0.598",-0.010,2.030,207.214,11.536,61.035
"
-0.597",0.012,2.001,224.976,26.123,72.632
"
-0.582",0.035,1.926,242.859,36.438,84.106
"
-0.563",0.042,1.792,260.620,47.363,95.886
"
-0.497",0.025,1.636,276.367,64.758,104.492
"
-0.405",-0.000,1.495,286.072,86.243,109.131
"
-0.291",0.005,1.392,288.757,103.760,111.938
"
-0.232",0.050,1.348,290.771,113.647,112.183
"
-0.198",0.083,1.220,298.218,119.873,111.389
"
-0.134",0.026,1.063,311.768,123.901,112.671
"
-0.098",-0.006,0.924,321.045,124.756,112.061
"
-0.028",-0.029,0.803,325.195,124.451,110.840
"
0.024",-0.109,0.741,325.684,122.192,104.797
"
-0.006",-0.109,0.766,317.871,120.422,93.384
"
-0.070",-0.030,0.725,311.707,121.643,86.487
"
-0.079",-0.041,0.627,316.223,127.197,85.999
"
-0.076",-0.054,0.526,318.604,141.479,84.839
"
-0.108",0.020,0.453,314.392,161.377,83.618
"
-0.108",0.127,0.351,315.002,181.030,85.693
"
-0.042",0.183,0.194,323.608,193.237,90.576
"
0.037",0.153,0.020,331.055,196.289,92.163
"
0.019",0.148,-0.099,329.468,194.275,86.853
"
-0.034",0.164,-0.254,323.486,188.477,81.055
"
-0.069",0.110,-0.431,314.514,184.204,77.576
"
-0.081",0.062,-0.614,294.800,188.904,72.754
"
-0.084",0.052,-0.640,266.663,198.242,64.392
"
-0.119",0.163,-0.649,242.187,206.665,56.702
"
-0.077",0.174,-0.695,225.830,212.097,53.528
"
-0.020",0.182,-0.729,209.839,218.506,48.889
"
0.057",0.265,-0.773,196.655,225.464,41.748
"
0.226",0.387,-0.880,194.702,220.215,33.020
"
0.407",0.466,-1.039,207.336,198.486,21.423
"
0.467",0.502,-1.334,229.004,156.555,7.324
"
0.443",0.452,-1.713,248.352,107.239,-7.874
"
0.388",0.333,-2.109,254.883,60.669,-23.010
"
0.263",0.288,-2.488,243.225,18.799,-35.950
"
0.142",0.261,-2.815,216.736,-11.169,-40.649
"
-0.013",0.208,-3.090,182.129,-22.888,-39.612
"
-0.169",0.126,-3.309,142.883,-23.804,-33.630
"
-0.248",0.005,-3.468,96.985,-21.973,-22.095
"
-0.161",-0.165,-3.449,41.077,-17.700,-7.202
"
0.030",-0.292,-3.087,-21.423,-14.709,1.892
"
0.146",-0.260,-2.554,-83.862,-20.569,0.854
"
0.159",-0.178,-2.053,-131.226,-37.903,-7.019
"
0.096",-0.154,-1.654,-156.189,-62.683,-15.442
"
0.030",-0.161,-1.382,-164.856,-85.632,-19.775
"

-0.213",0.370,2.180,-198.730,-36.499,-45.532
"
-0.170",0.350,2.296,-164.429,-33.936,-36.743
"
0.384",-0.026,2.551,-131.897,-43.213,-28.992
"
0.873",-0.219,4.000,-142.639,-129.944,-31.799
"
-1.328",0.694,3.984,-127.991,-293.701,-45.349
"
-1.340",0.226,3.183,3.601,-215.515,-31.982
"
-0.993",-0.399,2.540,109.741,-58.472,-3.845
"
-0.785",-0.379,1.783,113.770,72.815,12.939
"
-0.571",-0.361,1.403,97.046,137.451,24.963
"
-0.353",-0.357,1.324,81.909,154.602,34.668
"
-0.171",-0.221,1.480,63.965,140.991,39.551
"
-0.009",-0.074,1.586,65.857,107.178,42.969
"
0.160",-0.063,1.612,87.402,73.059,45.532
"
0.297",-0.070,1.596,111.267,41.809,43.030
"
0.337",-0.077,1.599,130.920,8.789,38.086
"
0.263",-0.100,1.601,149.536,-26.245,33.569
"
0.098",-0.130,1.612,165.649,-53.223,30.518
"
-0.104",-0.161,1.640,176.697,-61.768,28.503
"
-0.313",-0.181,1.655,184.692,-51.453,28.748
"
-0.453",-0.197,1.612,193.298,-24.963,33.203
"
-0.464",-0.227,1.521,203.003,8.667,42.542
"
-0.409",-0.241,1.455,209.839,36.804,52.124
"
-0.362",-0.218,1.429,212.891,52.124,59.937
"
-0.307",-0.176,1.425,217.285,55.664,67.139
"
-0.271",-0.143,1.425,224.182,53.162,73.059
"
-0.251",-0.124,1.387,232.666,52.734,77.393
"
-0.247",-0.119,1.354,241.089,60.425,79.224
"
-0.239",-0.101,1.289,249.390,74.341,81.604
"
-0.178",-0.105,1.178,260.376,89.844,87.219
"
-0.140",-0.114,1.089,270.447,102.905,91.736
"
-0.109",-0.091,0.988,277.283,114.075,93.750
"
-0.038",-0.096,0.888,284.973,123.596,94.116
"
0.003",-0.097,0.823,290.527,126.465,92.285
"
-0.006",-0.068,0.732,295.166,124.023,90.271
"
-0.041",-0.065,0.630,303.162,122.620,89.233
"
-0.076",-0.061,0.492,310.852,128.357,89.111
"
-0.060",-0.050,0.355,316.223,137.512,92.163
"
-0.036",-0.033,0.246,318.726,145.081,96.252
"
-0.032",-0.030,0.129,318.665,152.161,99.060
"
0.008",-0.051,-0.040,313.965,162.476,98.938
"
0.035",-0.077,-0.149,303.101,174.011,96.252
"
0.053",-0.041,-0.202,288.757,183.228,92.407
"
0.087",0.024,-0.214,277.222,190.063,88.257
"
0.109",0.073,-0.238,273.254,191.772,84.106
"
0.155",0.071,-0.328,275.085,186.951,80.261
"
0.227",0.002,-0.404,275.085,178.101,74.768
"
0.193",-0.032,-0.434,266.968,165.527,64.819
"
0.127",-0.033,-0.479,255.432,155.701,56.152
"
0.088",-0.046,-0.519,247.009,151.306,52.124
"
0.094",-0.052,-0.580,237.671,152.954,49.194
"
0.145",-0.035,-0.617,225.830,158.997,46.082
"
0.189",-0.013,-0.688,214.600,162.781,40.955
"
0.260",-0.015,-0.795,205.505,166.565,33.569
"
0.340",-0.006,-0.903,196.594,165.039,24.231
"
0.358",0.054,-1.017,188.599,153.809,13.855
"
0.331",0.089,-1.147,186.096,137.695,5.188
"
0.271",0.037,-1.335,186.523,120.483,-2.258
"
0.165",-0.059,-1.556,181.763,104.187,-10.925
"
0.034",-0.122,-1.751,168.701,91.125,-17.334
"
-0.072",-0.123,-1.948,151.062,80.688,-19.836
"
-0.154",-0.078,-2.148,131.531,70.251,-20.447
"
-0.282",-0.041,-2.369,115.601,58.105,-19.043
"
-0.404",-0.046,-2.645,103.943,42.297,-11.658
"
-0.425",-0.152,-2.902,88.867,25.269,-0.793
"
-0.293",-0.356,-3.037,61.646,4.639,9.888
"
-0.100",-0.496,-2.891,14.282,-17.273,15.442
"
0.040",-0.450,-2.454,-44.678,-37.842,10.986
"
0.095",-0.321,-2.009,-95.520,-57.678,-0.183
"
0.084",-0.208,-1.602,-124.512,-79.346,-9.583
"
0.011",-0.144,-1.286,-131.409,-99.487,-14.221
"
-0.036",-0.148,-1.102,-123.291,-113.831,-10.376
"
-0.013",-0.239,-1.087,-109.253,-118.103,-1.648
"
0.093",-0.349,-1.160,-99.182,-115.234,6.836
"
0.171",-0.441,-1.266,-100.464,-113.708,12.329
"
0.242",-0.455,-1.347,-115.540,-111.816,14.526
"
0.303",-0.412,-1.362,-139.038,-105.530,11.780
"
0.336",-0.363,-1.315,-163.757,-99.670,6.836
"
0.341",-0.274,-1.244,-186.829,-95.398,2.441
"
0.357",-0.188,-1.147,-205.566,-91.370,-1.221
"
0.355",-0.123,-1.060,-217.957,-87.891,-4.272
"
0.373",-0.109,-0.971,-224.731,-84.900,-5.432
"
0.363",-0.104,-0.887,-229.675,-83.008,-6.104
"
0.375",-0.116,-0.796,-232.300,-80.139,-6.287
"
0.402",-0.121,-0.736,-232.666,-77.271,-4.395
"
0.453",-0.165,-0.726,-233.643,-77.637,-4.578
"
0.501",-0.242,-0.748,-239.258,-81.970,-9.277
"
0.495",-0.262,-0.709,-254.883,-88.440,-18.494
"
0.461",-0.178,-0.562,-276.062,-91.675,-29.480
"
0.394",-0.083,-0.400,-289.429,-92.346,-38.574
"
0.373",-0.052,-0.274,-289.246,-92.346,-43.335
"
0.352",-0.052,-0.200,-281.067,-95.947,-42.969
"
0.315",-0.080,-0.160,-271.606,-100.464,-40.894
"
0.275",-0.127,-0.150,-263.855,-105.164,-39.673
"
0.253",-0.186,-0.126,-263.672,-112.610,-39.795
"
0.204",-0.146,-0.032,-271.484,-119.507,-43.396
"
0.140",-0.109,0.047,-281.006,-124.268,-49.316
"
0.133",-0.092,0.135,-288.452,-126.465,-54.260
"
0.143",-0.035,0.283,-293.335,-128.540,-59.143
"
0.151",0.066,0.512,-291.321,-141.052,-61.768
"
0.076",0.131,0.653,-278.442,-165.161,-62.439
"
-0.049",0.057,0.694,-254.333,-187.073,-60.486
"
-0.142",-0.067,0.678,-237.976,-195.435,-57.495
"
-0.245",-0.125,0.717,-237.549,-191.162,-57.678
"
-0.310",-0.121,0.783,-247.681,-176.331,-59.021
"
-0.343",-0.138,0.829,-260.437,-152.283,-57.556
"
-0.290",-0.075,0.876,-276.245,-121.399,-56.519
"
-0.182",0.016,0.991,-288.574,-96.130,-56.763
"
-0.109",0.166,1.158,-291.809,-91.614,-56.091
"
-0.156",0.274,1.339,-281.494,-107.971,-54.321
"
-0.245",0.328,1.496,-260.437,-129.883,-51.147
"
-0.320",0.319,1.569,-237.610,-142.822,-45.837
"
-0.361",0.225,1.629,-218.933,-145.874,-40.894
"
-0.418",0.117,1.615,-212.280,-139.526,-39.856
"
-0.411",0.057,1.605,-218.811,-117.676,-43.030
"
-0.279",0.111,1.640,-233.093,-82.642,-49.805
"
-0.154",0.200,1.763,-242.676,-55.420,-59.082
"
-0.204",0.316,1.922,-234.985,-48.584,-65.674
"
-0.298",0.331,2.001,-206.482,-54.382,-61.096
"
-0.375",0.247,1.929,-165.894,-57.129,-49.377
"

-0.192",-0.054,3.990,-184.937,-121.338,-44.250
"
-1.350",0.998,4.000,-142.212,-174.255,-51.880
"
-0.704",0.364,2.518,29.663,-54.077,-29.846
"
-0.512",-0.445,1.671,115.479,42.969,7.629
"
-0.382",-0.343,1.255,103.088,90.393,15.930
"
-0.265",-0.236,1.114,73.853,94.482,26.245
"
-0.114",-0.220,1.309,55.786,78.796,26.917
"
-0.057",-0.090,1.381,52.429,43.396,23.682
"
0.028",-0.076,1.449,61.218,31.982,26.855
"
0.157",-0.034,1.523,72.815,27.466,25.330
"
0.185",0.002,1.622,84.167,17.334,19.287
"
0.134",0.032,1.721,100.830,-5.188,16.235
"
-0.001",0.028,1.784,121.399,-35.706,18.311
"
-0.184",0.017,1.834,139.221,-57.373,21.240
"
-0.365",0.016,1.874,153.870,-57.800,24.597
"
-0.469",0.010,1.869,168.762,-37.842,30.396
"
-0.482",-0.012,1.780,184.021,-7.141,38.513
"
-0.427",-0.034,1.686,196.777,22.217,46.753
"
-0.378",-0.041,1.608,206.360,43.762,53.101
"
-0.340",-0.057,1.534,216.980,52.856,59.937
"
-0.298",-0.065,1.459,228.821,52.917,68.298
"
-0.266",-0.072,1.396,238.708,50.354,74.463
"
-0.248",-0.088,1.337,245.483,51.270,76.172
"
-0.248",-0.078,1.300,249.451,56.458,76.965
"
-0.243",-0.057,1.241,254.517,65.430,79.590
"
-0.208",-0.043,1.160,263.733,75.806,83.618
"
-0.188",-0.036,1.088,273.865,81.604,87.769
"
-0.209",-0.035,1.037,281.616,85.388,89.905
"
-0.230",-0.038,0.980,288.452,90.027,92.224
"
-0.225",-0.042,0.921,294.983,94.971,97.595
"
-0.197",-0.026,0.847,299.622,103.394,102.600
"
-0.149",-0.027,0.758,304.626,115.051,104.797
"
-0.105",-0.050,0.668,306.519,125.305,103.882
"
-0.084",-0.046,0.597,304.443,134.094,100.098
"
-0.050",-0.010,0.549,301.331,142.639,96.741
"
-0.039",0.059,0.529,302.307,144.714,94.604
"
0.013",0.107,0.449,310.608,141.113,93.323
"
0.023",0.090,0.401,323.242,130.676,91.919
"
-0.072",0.094,0.314,333.740,116.577,89.966
"
-0.139",0.036,0.187,341.125,110.474,90.759
"
-0.173",-0.012,0.072,338.440,117.188,92.468
"
-0.195",-0.016,-0.035,324.951,134.338,94.177
"
-0.167",0.013,-0.117,306.946,157.837,95.032
"
-0.085",0.074,-0.203,289.185,183.228,93.872
"
-0.029",0.152,-0.299,275.574,202.148,89.905
"
0.002",0.229,-0.413,268.433,213.684,86.609
"
0.049",0.250,-0.545,264.648,222.168,84.534
"
0.102",0.240,-0.712,259.521,229.614,80.627
"
0.206",0.180,-0.879,251.343,231.689,72.510
"
0.307",0.161,-0.951,237.732,226.318,58.838
"
0.404",0.208,-1.018,226.440,207.703,40.527
"
0.437",0.216,-1.137,225.098,171.753,20.630
"
0.417",0.252,-1.296,230.347,125.000,2.625
"
0.303",0.273,-1.512,237.122,78.064,-11.475
"
0.177",0.223,-1.788,241.150,43.152,-22.095
"
0.077",0.104,-2.141,235.107,24.902,-28.076
"
-0.036",0.023,-2.447,213.684,13.855,-26.978
"
-0.166",0.016,-2.739,180.176,10.742,-20.081
"
-0.281",-0.008,-3.048,141.846,18.738,-10.010
"
-0.310",-0.053,-3.413,97.534,35.522,0.977
"
-0.176",-0.164,-3.585,47.119,51.880,11.108
"
0.057",-0.276,-3.420,-8.301,50.842,17.212
"
0.248",-0.259,-2.944,-66.650,25.269,15.259
"
0.289",-0.187,-2.419,-114.746,-13.245,1.953
"
0.205",-0.127,-1.936,-142.883,-54.565,-14.343
"
0.065",-0.134,-1.557,-152.283,-92.102,-24.170
"
-0.024",-0.199,-1.302,-150.940,-116.394,-23.071
"
-0.069",-0.299,-1.198,-148.071,-120.972,-15.991
"
-0.051",-0.401,-1.163,-150.879,-108.337,-7.141
"
0.008",-0.474,-1.171,-161.255,-86.609,0.977
"
0.080",-0.511,-1.180,-179.077,-63.965,7.324
"
0.171",-0.466,-1.153,-202.026,-43.762,10.254
"
0.271",-0.396,-1.108,-222.168,-30.701,10.437
"
0.354",-0.325,-1.053,-235.840,-24.963,8.484
"
0.387",-0.263,-0.919,-242.493,-25.513,6.592
"
0.435",-0.222,-0.823,-241.699,-28.870,5.432
"
0.478",-0.223,-0.726,-233.521,-36.743,4.517
"
0.473",-0.252,-0.646,-223.206,-51.636,3.967
"
0.449",-0.292,-0.578,-213.806,-66.345,2.258
"
0.433",-0.349,-0.533,-208.374,-77.271,-0.061
"
0.399",-0.379,-0.464,-209.106,-83.618,-4.028
"
0.370",-0.374,-0.378,-213.013,-85.388,-9.399
"
0.359",-0.403,-0.330,-216.980,-83.618,-14.648
"
0.350",-0.405,-0.281,-221.680,-80.383,-20.081
"
0.328",-0.384,-0.228,-226.501,-79.102,-24.902
"
0.310",-0.385,-0.172,-228.882,-81.238,-27.832
"
0.273",-0.365,-0.111,-230.469,-81.787,-29.724
"
0.266",-0.342,-0.033,-231.201,-80.444,-31.189
"
0.224",-0.312,0.032,-228.821,-83.679,-31.555
"
0.211",-0.336,0.037,-222.595,-93.628,-28.748
"
0.180",-0.361,0.045,-220.093,-102.112,-28.198
"
0.151",-0.381,0.053,-224.487,-108.032,-30.457
"
0.131",-0.366,0.120,-234.375,-111.938,-33.936
"
0.107",-0.290,0.239,-246.887,-111.694,-39.124
"
0.087",-0.238,0.372,-253.479,-111.145,-42.664
"
0.055",-0.232,0.432,-253.296,-113.403,-44.067
"
0.049",-0.214,0.475,-252.197,-116.943,-43.945
"
0.000",-0.204,0.539,-248.108,-123.413,-42.480
"
-0.060",-0.204,0.590,-242.371,-129.333,-39.001
"
-0.131",-0.221,0.623,-237.793,-127.441,-34.485
"
-0.169",-0.223,0.641,-237.000,-114.319,-30.273
"
-0.121",-0.216,0.613,-241.394,-92.041,-26.245
"
-0.033",-0.191,0.610,-250.854,-71.045,-25.452
"
0.023",-0.107,0.684,-262.390,-58.655,-29.053
"
0.079",-0.026,0.747,-267.151,-60.425,-31.372
"
0.092",0.050,0.869,-264.099,-74.341,-30.212
"
0.039",0.137,0.998,-253.784,-95.520,-28.442
"
-0.023",0.160,1.087,-236.938,-119.446,-24.536
"
-0.096",0.125,1.115,-221.680,-138.000,-21.118
"
-0.149",0.088,1.114,-213.928,-140.747,-20.996
"
-0.154",0.050,1.085,-216.187,-129.517,-25.330
"
-0.146",0.061,1.127,-230.347,-108.276,-35.889
"
-0.125",0.158,1.251,-248.596,-84.167,-47.180
"
-0.081",0.259,1.435,-255.554,-67.505,-52.429
"
-0.106",0.354,1.628,-244.446,-62.134,-51.208
"
-0.169",0.384,1.691,-218.384,-65.674,-44.434
"
-0.223",0.305,1.713,-186.768,-69.580,-34.973
"
-0.270",0.222,1.711,-163.269,-69.946,-27.832
"
-0.321",0.180,1.758,-151.855,-65.552,-24.719
"

-0.240",0.275,2.123,-117.432,-10.925,-23.254
"
-0.253",0.279,2.156,-88.867,-7.141,-18.250
"
-0.259",0.208,2.145,-54.504,-6.714,-9.521
"
-0.235",0.096,2.085,-23.254,-9.766,0.183
"
-0.153",-0.030,2.081,-1.526,-12.451,6.775
"
-0.091",-0.081,2.216,10.437,-18.860,10.803
"
-0.179",-0.060,2.247,23.987,-28.748,12.939
"
-0.254",-0.079,2.068,47.058,-21.484,15.320
"
-0.232",-0.116,1.881,69.031,6.958,17.456
"
-0.171",-0.132,1.797,79.407,33.630,18.250
"
-0.091",-0.099,1.823,84.778,39.307,20.813
"
-0.053",-0.054,1.868,94.604,26.489,25.208
"
-0.075",-0.039,1.903,109.741,7.385,29.480
"
-0.098",-0.021,1.921,125.122,-6.287,33.936
"
-0.121",-0.014,1.939,139.893,-12.268,37.109
"
-0.166",-0.007,1.941,155.518,-11.169,40.222
"
-0.199",-0.020,1.899,172.852,-4.578,44.861
"
-0.221",-0.036,1.860,190.186,6.592,50.293
"
-0.231",-0.056,1.772,204.529,19.409,55.054
"
-0.235",-0.066,1.685,215.271,31.982,59.753
"
-0.230",-0.087,1.577,226.501,43.091,64.331
"
-0.209",-0.095,1.521,234.985,53.467,67.688
"
-0.198",-0.063,1.486,238.586,62.866,69.031
"
-0.200",-0.028,1.463,246.094,65.674,70.618
"
-0.213",-0.000,1.395,258.423,63.293,75.806
"
-0.213",-0.000,1.321,273.376,60.059,82.581
"
-0.222",-0.013,1.247,285.828,59.875,87.891
"
-0.211",-0.011,1.135,295.288,64.758,93.506
"
-0.159",-0.034,1.005,303.040,73.059,98.816
"
-0.141",-0.078,0.904,302.307,82.947,98.755
"
-0.151",-0.086,0.802,295.349,95.032,95.886
"
-0.129",-0.087,0.734,288.452,110.046,93.628
"
-0.114",-0.069,0.694,281.372,125.549,89.844
"
-0.117",-0.016,0.621,278.015,139.465,87.769
"
-0.045",-0.002,0.522,282.715,150.208,88.196
"
0.018",-0.024,0.429,288.086,155.640,86.548
"
0.013",-0.000,0.365,289.795,152.405,83.862
"
-0.013",-0.009,0.236,291.931,147.644,84.167
"
0.024",-0.079,0.126,290.039,152.527,82.886
"
0.062",-0.069,0.048,276.184,166.565,77.148
"
0.144",-0.004,0.050,260.986,181.396,70.923
"
0.224",0.039,0.054,255.188,187.561,64.514
"
0.214",0.066,-0.009,256.409,185.303,57.678
"
0.192",0.037,-0.092,261.169,184.204,52.612
"
0.213",0.018,-0.149,263.855,191.589,48.462
"
0.262",0.017,-0.213,262.634,200.623,43.640
"
0.300",0.006,-0.287,261.963,201.965,36.926
"
0.306",-0.044,-0.345,260.437,195.557,28.198
"
0.273",-0.088,-0.400,254.822,184.814,17.822
"
0.222",-0.132,-0.432,245.911,174.500,7.080
"
0.172",-0.154,-0.448,236.572,164.795,-2.625
"
0.123",-0.149,-0.444,229.309,153.809,-10.437
"
0.070",-0.101,-0.428,225.647,142.029,-17.456
"
0.068",-0.060,-0.472,228.638,130.432,-21.484
"
0.082",-0.046,-0.561,236.145,120.117,-26.489
"
0.076",-0.004,-0.716,243.958,105.835,-31.311
"
0.032",0.039,-0.914,249.573,91.309,-32.654
"
-0.017",0.021,-1.195,251.160,83.923,-31.799
"
-0.083",-0.053,-1.541,242.371,86.060,-30.945
"
-0.185",-0.100,-1.875,218.628,96.008,-29.053
"
-0.219",-0.070,-2.204,183.411,111.694,-24.902
"
-0.337",0.060,-2.607,148.437,127.258,-24.231
"
-0.627",0.131,-3.181,123.901,123.108,-24.353
"
-0.787",0.074,-3.818,104.553,96.558,-17.273
"
-0.649",-0.159,-4.000,76.050,53.589,-1.099
"
-0.330",-0.400,-3.957,24.658,2.136,11.047
"
-0.076",-0.463,-3.275,-48.035,-44.006,6.836
"
0.009",-0.298,-2.514,-121.643,-82.031,-10.132
"
-0.018",-0.095,-1.786,-168.884,-117.249,-30.640
"
-0.100",-0.019,-1.289,-181.030,-145.020,-42.358
"
-0.201",-0.042,-1.058,-168.457,-167.053,-38.086
"
-0.219",-0.171,-0.999,-147.705,-174.561,-23.804
"
-0.159",-0.339,-1.053,-134.094,-161.987,-7.202
"
-0.058",-0.487,-1.125,-136.780,-139.160,5.249
"
0.017",-0.532,-1.189,-155.884,-113.953,13.916
"
0.140",-0.515,-1.206,-183.838,-87.891,19.409
"
0.256",-0.491,-1.190,-212.646,-63.110,19.531
"
0.374",-0.411,-1.125,-239.258,-46.265,15.686
"
0.446",-0.301,-1.014,-259.277,-42.908,9.644
"
0.471",-0.204,-0.888,-270.691,-47.852,2.502
"
0.419",-0.135,-0.707,-268.494,-56.885,-3.662
"
0.355",-0.123,-0.571,-256.653,-66.650,-5.432
"
0.323",-0.147,-0.476,-239.746,-72.327,-2.075
"
0.304",-0.207,-0.473,-222.534,-72.327,1.892
"
0.315",-0.314,-0.526,-210.815,-69.580,7.507
"
0.354",-0.435,-0.581,-212.524,-67.383,8.728
"
0.405",-0.456,-0.584,-229.126,-65.674,2.441
"
0.399",-0.400,-0.463,-252.197,-68.298,-9.338
"
0.335",-0.300,-0.308,-269.958,-74.097,-22.278
"
0.287",-0.243,-0.220,-276.306,-79.102,-29.358
"
0.228",-0.224,-0.072,-275.330,-82.336,-31.494
"
0.204",-0.211,0.000,-269.592,-83.435,-31.677
"
0.180",-0.221,0.075,-260.559,-88.135,-30.151
"
0.148",-0.243,0.081,-255.249,-96.497,-27.649
"
0.135",-0.262,0.114,-254.761,-103.210,-28.442
"
0.044",-0.213,0.233,-260.681,-109.253,-31.921
"
-0.014",-0.152,0.358,-264.343,-109.436,-32.959
"
-0.031",-0.149,0.427,-261.719,-102.478,-30.029
"
0.008",-0.149,0.473,-259.277,-93.811,-28.198
"
0.039",-0.145,0.517,-258.728,-91.492,-27.527
"
0.008",-0.151,0.488,-259.216,-97.961,-28.992
"
-0.034",-0.180,0.492,-261.414,-103.943,-31.433
"
-0.082",-0.163,0.556,-270.264,-98.816,-34.912
"
-0.137",-0.077,0.661,-279.114,-88.440,-38.940
"
-0.141",-0.038,0.749,-280.640,-77.454,-34.973
"
-0.124",0.002,0.802,-276.367,-66.895,-28.137
"
-0.068",0.014,0.795,-268.677,-57.678,-20.874
"
-0.004",0.025,0.827,-262.573,-56.702,-17.578
"
0.047",0.099,0.917,-259.277,-65.735,-16.541
"
0.052",0.156,0.995,-254.211,-90.088,-15.076
"
-0.007",0.157,1.002,-249.207,-119.873,-15.625
"
-0.058",0.172,1.044,-250.305,-137.634,-20.874
"
-0.168",0.244,1.228,-256.714,-136.963,-30.640
"
-0.252",0.314,1.435,-256.897,-121.094,-37.842
"
-0.326",0.342,1.571,-246.033,-96.069,-36.011
"
-0.310",0.321,1.562,-226.318,-62.073,-28.809
"
-0.233",0.256,1.522,-209.839,-28.076,-22.644
"
-0.201",0.230,1.544,-203.064,-9.155,-21.240
"
-0.172",0.257,1.600,-200.134,-2.686,-19.409
"

-0.327",0.131,1.968,-57.983,-67.383,-5.493
"
-0.336",0.034,2.000,-45.471,-35.156,-5.859
"
-0.227",-0.031,3.307,-36.499,-1.709,-7.812
"
-0.266",0.465,3.933,-9.583,27.710,-11.597
"
-0.142",0.070,2.236,15.564,15.137,3.235
"
-0.280",-0.205,1.595,41.931,20.386,11.230
"
-0.069",-0.162,1.448,69.519,58.289,9.033
"
0.095",-0.119,1.331,61.768,65.063,18.677
"
0.182",-0.103,1.430,61.035,54.077,14.954
"
0.153",-0.045,1.477,65.247,22.827,13.428
"
0.078",0.027,1.609,69.763,-7.507,14.465
"
0.015",0.117,1.786,76.233,-21.606,14.954
"
-0.020",0.212,1.958,89.661,-24.963,17.517
"
-0.071",0.267,2.054,113.647,-25.635,22.522
"
-0.156",0.275,2.078,141.296,-28.564,29.663
"
-0.254",0.272,2.061,166.138,-29.785,37.781
"
-0.338",0.267,2.016,188.354,-22.217,46.509
"
-0.380",0.250,1.929,208.374,-4.578,54.077
"
-0.376",0.213,1.803,224.792,20.752,58.716
"
-0.327",0.183,1.696,236.633,46.143,60.913
"
-0.271",0.172,1.617,245.117,62.378,63.477
"
-0.242",0.185,1.550,255.005,67.749,66.895
"
-0.208",0.198,1.475,269.104,66.528,73.120
"
-0.148",0.201,1.370,285.034,62.744,79.834
"
-0.093",0.171,1.282,298.950,59.937,85.144
"
-0.073",0.171,1.208,310.608,58.472,88.440
"
-0.099",0.151,1.139,321.594,56.763,91.736
"
-0.132",0.114,1.021,332.947,60.730,96.375
"
-0.127",0.080,0.878,342.407,74.036,100.891
"
-0.086",0.034,0.733,346.252,92.346,103.210
"
-0.010",0.025,0.643,343.811,109.924,103.394
"
0.026",0.035,0.589,339.722,116.760,102.173
"
0.037",0.027,0.517,337.891,118.225,98.145
"
0.007",-0.005,0.447,336.365,119.019,93.140
"
-0.016",-0.009,0.372,331.421,123.108,90.698
"
0.002",0.012,0.331,324.646,133.240,89.966
"
0.057",0.039,0.292,319.824,142.578,88.989
"
0.095",0.057,0.240,317.627,148.132,86.365
"
0.088",0.051,0.159,317.505,151.062,83.008
"
0.073",0.065,0.044,316.895,154.968,80.994
"
0.122",0.038,-0.059,315.369,163.208,80.872
"
0.169",0.027,-0.139,309.326,171.204,77.942
"
0.159",0.016,-0.217,299.805,174.561,73.181
"
0.172",-0.027,-0.297,288.940,175.964,68.054
"
0.152",-0.089,-0.349,273.865,177.612,61.218
"
0.104",-0.096,-0.361,255.005,182.251,53.467
"
0.087",-0.062,-0.314,239.014,188.232,46.692
"
0.131",-0.020,-0.313,229.309,192.505,40.894
"
0.202",-0.004,-0.348,226.929,191.772,34.302
"
0.231",-0.022,-0.449,228.455,182.861,27.283
"
0.291",-0.016,-0.544,227.661,171.326,20.325
"
0.333",0.017,-0.614,223.083,161.377,11.475
"
0.335",0.056,-0.752,219.177,150.574,0.793
"
0.348",0.074,-0.934,214.966,141.724,-9.399
"
0.297",0.085,-1.155,207.458,136.841,-19.287
"
0.255",0.089,-1.393,195.740,136.658,-29.785
"
0.168",0.119,-1.673,180.542,137.268,-39.856
"
0.073",0.200,-1.955,165.405,134.155,-46.143
"
-0.096",0.278,-2.363,155.273,127.502,-48.645
"
-0.474",0.308,-2.940,149.719,114.746,-47.485
"
-0.887",0.240,-3.678,143.555,95.947,-38.635
"
-0.909",-0.089,-4.000,125.244,71.167,-15.686
"
-0.574",-0.516,-4.000,75.562,39.001,10.132
"
-0.161",-0.699,-3.818,-12.146,2.869,16.785
"
-0.005",-0.523,-2.872,-110.229,-36.011,-0.488
"
-0.045",-0.216,-2.007,-178.101,-80.322,-30.518
"
-0.136",-0.031,-1.295,-199.280,-124.756,-53.040
"
-0.232",-0.047,-0.945,-182.434,-164.734,-56.702
"
-0.285",-0.135,-0.859,-153.076,-191.040,-48.523
"
-0.308",-0.303,-0.914,-129.517,-196.472,-36.072
"
-0.268",-0.492,-0.997,-121.338,-184.387,-23.071
"
-0.207",-0.633,-1.089,-133.057,-161.987,-12.939
"
-0.150",-0.690,-1.162,-162.415,-132.507,-8.057
"
-0.046",-0.648,-1.173,-201.294,-98.755,-6.897
"
0.072",-0.547,-1.086,-237.671,-69.031,-7.568
"
0.216",-0.408,-1.009,-263.916,-48.584,-9.155
"
0.309",-0.302,-0.873,-276.489,-42.114,-11.414
"
0.372",-0.248,-0.737,-274.414,-47.791,-15.686
"
0.371",-0.224,-0.605,-261.658,-59.448,-18.738
"
0.358",-0.232,-0.509,-244.568,-71.838,-18.921
"
0.323",-0.288,-0.454,-225.098,-80.200,-18.250
"
0.294",-0.373,-0.490,-210.144,-85.632,-15.991
"
0.308",-0.508,-0.577,-208.496,-85.083,-16.724
"
0.325",-0.563,-0.597,-224.365,-76.294,-25.391
"
0.371",-0.495,-0.548,-250.305,-66.895,-36.743
"
0.430",-0.409,-0.464,-272.461,-62.988,-48.828
"
0.310",-0.271,-0.258,-283.325,-68.542,-60.730
"
0.231",-0.235,-0.152,-279.419,-78.125,-64.514
"
0.199",-0.238,-0.041,-267.151,-83.435,-58.899
"
0.133",-0.258,0.001,-256.714,-85.205,-55.115
"
0.077",-0.311,-0.018,-250.366,-83.435,-52.673
"
0.044",-0.342,-0.029,-254.944,-81.299,-50.903
"
0.015",-0.312,-0.008,-268.738,-78.979,-52.551
"
-0.029",-0.236,0.090,-286.987,-76.843,-57.556
"
-0.083",-0.117,0.225,-300.354,-75.012,-59.998
"
-0.089",-0.034,0.372,-303.284,-72.754,-58.533
"
-0.155",0.016,0.469,-297.791,-72.998,-54.260
"
-0.198",0.029,0.544,-285.156,-74.585,-45.532
"
-0.192",-0.013,0.535,-273.437,-72.021,-33.752
"
-0.119",0.001,0.544,-271.301,-64.026,-27.405
"
-0.127",0.017,0.604,-276.062,-56.274,-28.748
"
-0.112",0.012,0.628,-281.738,-48.767,-28.137
"
-0.056",0.090,0.721,-290.833,-34.058,-27.771
"
0.014",0.159,0.804,-295.410,-25.391,-28.015
"
0.132",0.200,0.861,-293.213,-23.499,-26.184
"
0.156",0.199,0.909,-287.354,-24.658,-26.550
"
0.196",0.202,0.966,-279.114,-30.029,-25.635
"
0.193",0.224,1.062,-272.339,-39.795,-24.536
"
0.168",0.231,1.133,-263.489,-53.528,-24.353
"
0.089",0.262,1.270,-258.301,-65.186,-27.222
"
-0.028",0.303,1.424,-253.601,-72.449,-29.419
"
-0.084",0.333,1.540,-242.371,-74.524,-26.245
"
-0.142",0.346,1.671,-226.685,-75.317,-19.714
"
-0.221",0.355,1.781,-209.412,-76.904,-13.123
"
-0.265",0.341,1.792,-189.819,-73.853,-5.859
"
-0.285",0.255,1.755,-174.133,-62.134,-4.089
"
-0.281",0.225,1.759,-168.274,-43.030,-6.836
"
-0.184",0.256,1.769,-163.757,-29.053,-5.798
"
-0.102",0.254,1.788,-154.358,-32.776,-2.502
"

-0.240",0.383,1.999,159.180,-36.438,55.786
"
-0.323",0.368,2.001,184.387,-45.959,63.782
"
-0.423",0.350,1.985,203.735,-47.119,70.557
"
-0.514",0.295,1.963,216.309,-38.635,74.402
"
-0.588",0.258,1.943,223.633,-17.944,76.721
"
-0.577",0.270,1.880,232.910,9.644,80.505
"
-0.521",0.257,1.801,246.033,35.278,85.205
"
-0.464",0.244,1.692,259.399,54.321,89.783
"
-0.380",0.258,1.600,272.339,67.505,93.689
"
-0.333",0.276,1.566,282.410,68.176,95.825
"
-0.365",0.243,1.512,292.297,59.937,98.511
"
-0.417",0.212,1.399,303.040,59.204,102.661
"
-0.443",0.169,1.254,315.247,73.547,107.422
"
-0.423",0.107,1.077,323.181,99.304,111.145
"
-0.352",0.071,0.904,323.669,130.371,113.037
"
-0.245",0.053,0.770,319.885,158.936,112.427
"
-0.161",0.055,0.680,314.575,176.453,108.887
"
-0.072",0.050,0.564,312.012,181.885,105.652
"
-0.019",-0.001,0.463,309.631,178.467,100.159
"
-0.037",0.016,0.442,302.002,177.368,89.355
"
-0.019",0.028,0.384,299.988,179.932,81.421
"
0.021",0.014,0.309,304.382,176.208,79.285
"
0.010",0.013,0.213,307.800,166.992,78.491
"
0.013",-0.004,0.098,309.692,163.391,76.111
"
0.043",0.000,0.048,305.969,169.556,71.472
"
0.069",0.037,-0.004,300.354,175.171,67.688
"
0.125",0.051,-0.057,296.265,178.650,64.636
"
0.162",0.011,-0.097,291.687,181.824,56.091
"
0.103",-0.004,-0.162,285.156,182.312,45.349
"
0.078",-0.023,-0.216,278.870,183.594,38.269
"
0.092",-0.009,-0.216,274.048,185.181,33.691
"
0.114",-0.021,-0.246,271.912,179.565,29.297
"
0.087",-0.061,-0.317,271.179,165.466,22.522
"
0.079",-0.132,-0.427,268.555,150.574,13.428
"
0.075",-0.205,-0.529,258.484,135.254,3.052
"
0.022",-0.212,-0.596,242.310,120.728,-7.874
"
-0.057",-0.152,-0.657,228.821,110.962,-17.212
"
-0.123",-0.058,-0.747,222.290,104.126,-21.423
"
-0.178",0.039,-0.873,223.083,99.854,-20.630
"
-0.190",0.130,-1.132,230.530,97.717,-14.893
"
-0.117",0.132,-1.542,237.122,102.295,-6.287
"
-0.005",0.022,-2.006,235.962,107.361,-3.113
"
0.047",-0.092,-2.419,222.168,102.844,-4.517
"
0.004",-0.122,-2.823,195.740,82.214,-4.395
"
-0.063",-0.141,-3.125,162.048,60.669,-4.395
"
-0.151",-0.158,-3.428,127.747,43.213,-6.287
"
-0.140",-0.274,-3.649,91.309,19.836,-4.578
"
-0.009",-0.466,-3.611,43.213,-8.301,0.000
"
0.140",-0.528,-3.181,-19.470,-35.400,-1.892
"
0.140",-0.414,-2.612,-83.313,-61.523,-15.381
"
0.063",-0.301,-2.073,-129.883,-86.609,-29.724
"
-0.029",-0.256,-1.575,-153.748,-105.652,-37.415
"
-0.106",-0.255,-1.224,-159.363,-119.995,-37.659
"
-0.136",-0.304,-1.026,-154.785,-128.235,-30.884
"
-0.133",-0.456,-0.960,-147.888,-130.005,-21.362
"
-0.123",-0.599,-0.933,-149.231,-125.183,-14.343
"
-0.135",-0.650,-0.905,-162.537,-116.638,-9.644
"
-0.119",-0.626,-0.869,-182.800,-100.891,-5.981
"
-0.061",-0.613,-0.843,-203.369,-76.233,-3.479
"
0.046",-0.556,-0.814,-222.290,-50.232,-1.831
"
0.133",-0.468,-0.721,-236.450,-30.273,-0.488
"
0.204",-0.395,-0.608,-240.295,-20.203,1.709
"
0.285",-0.376,-0.544,-235.535,-18.799,5.920
"
0.348",-0.377,-0.489,-227.295,-22.888,8.850
"
0.384",-0.396,-0.479,-217.712,-32.837,10.132
"
0.403",-0.448,-0.463,-209.778,-46.143,9.644
"
0.383",-0.480,-0.449,-209.900,-55.847,5.920
"
0.383",-0.474,-0.428,-215.881,-60.486,-0.122
"
0.384",-0.474,-0.379,-224.365,-62.683,-6.531
"
0.362",-0.427,-0.297,-233.276,-65.308,-14.099
"
0.313",-0.371,-0.181,-238.525,-68.604,-20.935
"
0.283",-0.357,-0.126,-238.403,-71.228,-26.062
"
0.269",-0.373,-0.073,-237.122,-73.425,-28.564
"
0.231",-0.351,-0.021,-238.281,-77.332,-31.250
"
0.231",-0.354,0.012,-240.234,-84.473,-32.715
"
0.227",-0.358,0.043,-245.300,-94.055,-35.828
"
0.127",-0.292,0.175,-252.991,-103.455,-42.053
"
0.044",-0.229,0.289,-255.188,-107.178,-44.617
"
0.006",-0.222,0.340,-249.329,-105.713,-40.588
"
0.029",-0.268,0.281,-242.554,-104.309,-34.668
"
0.046",-0.273,0.304,-242.432,-106.140,-31.311
"
0.017",-0.260,0.317,-249.939,-109.253,-32.166
"
-0.035",-0.212,0.378,-257.996,-109.253,-35.767
"
-0.062",-0.196,0.417,-265.320,-108.337,-38.574
"
-0.111",-0.128,0.513,-271.362,-104.248,-38.269
"
-0.119",-0.069,0.589,-271.729,-93.689,-35.461
"
-0.112",-0.050,0.664,-266.235,-84.229,-29.602
"
-0.122",-0.029,0.689,-258.057,-77.576,-24.048
"
-0.091",-0.031,0.670,-246.887,-77.454,-14.832
"
-0.055",-0.077,0.609,-239.685,-83.069,-7.385
"
-0.056",-0.096,0.541,-243.713,-88.745,-6.836
"
-0.035",-0.084,0.506,-258.606,-92.529,-10.803
"
-0.016",-0.013,0.552,-279.297,-97.046,-18.188
"
-0.075",0.169,0.773,-297.241,-106.262,-25.818
"
-0.152",0.302,1.001,-298.767,-117.920,-28.259
"
-0.303",0.332,1.206,-282.227,-128.235,-23.132
"
-0.392",0.326,1.297,-257.446,-126.709,-11.841
"
-0.356",0.333,1.303,-238.525,-106.628,-0.305
"
-0.314",0.369,1.403,-229.126,-80.444,1.831
"
-0.266",0.468,1.517,-225.159,-57.312,0.061
"
-0.172",0.510,1.606,-224.548,-43.091,-2.625
"
-0.145",0.600,1.853,-233.215,-27.161,-17.517
"
-0.176",0.739,2.194,-236.267,-7.812,-32.898
"
-0.176",0.647,2.697,-216.431,-1.038,-35.400
"
-1.266",0.939,4.000,-153.625,29.236,-40.955
"
-0.781",2.198,4.000,-41.687,109.985,-46.692
"
0.053",0.653,1.602,-27.710,21.057,12.817
"
-0.507",-0.328,1.352,132.324,15.625,23.132
"
0.344",-0.359,1.826,211.060,31.189,27.100
"
0.005",0.042,1.500,121.643,-32.410,65.735
"
-0.292",0.009,1.545,119.202,-62.500,58.899
"
-0.294",-0.163,1.567,166.016,-45.654,44.373
"
-0.296",-0.243,1.298,160.950,-15.442,53.894
"
-0.137",-0.216,1.354,146.240,25.391,50.903
"
-0.029",-0.084,1.466,134.888,52.246,41.565
"
0.016",0.012,1.517,136.108,50.537,38.269
"
0.009",0.025,1.516,153.687,30.579,38.757
"
-0.042",0.016,1.466,173.096,8.362,45.593
"
-0.072",0.002,1.409,187.744,0.427,52.979
"

-0.002",-0.346,-2.409,65.247,21.606,-16.479
"
0.021",-0.398,-2.523,39.673,20.020,-9.399
"
0.097",-0.466,-2.527,7.690,15.503,-5.493
"
0.170",-0.509,-2.384,-28.076,5.066,-5.127
"
0.204",-0.511,-2.127,-64.270,-10.925,-9.399
"
0.155",-0.464,-1.847,-94.421,-28.137,-15.503
"
0.061",-0.424,-1.606,-113.037,-43.945,-19.348
"
-0.002",-0.437,-1.450,-121.094,-54.138,-18.005
"
-0.032",-0.492,-1.356,-125.244,-57.129,-12.634
"
-0.026",-0.524,-1.318,-131.775,-53.894,-5.615
"
0.013",-0.533,-1.283,-142.578,-46.448,1.038
"
0.036",-0.514,-1.270,-155.212,-37.964,6.897
"
0.116",-0.501,-1.266,-167.725,-29.968,12.451
"
0.203",-0.498,-1.267,-181.641,-23.071,15.076
"
0.282",-0.459,-1.215,-198.059,-19.897,14.404
"
0.324",-0.403,-1.117,-213.013,-21.667,11.719
"
0.327",-0.324,-0.979,-221.924,-28.503,8.179
"
0.304",-0.279,-0.856,-223.022,-36.743,6.042
"
0.303",-0.287,-0.761,-217.773,-42.480,7.446
"
0.301",-0.293,-0.727,-211.426,-46.387,12.024
"
0.327",-0.350,-0.720,-208.191,-48.584,15.747
"
0.359",-0.404,-0.721,-210.876,-50.659,15.808
"
0.395",-0.406,-0.682,-220.032,-52.856,12.573
"
0.407",-0.391,-0.644,-233.093,-57.434,6.714
"
0.397",-0.361,-0.576,-247.192,-65.369,-1.892
"
0.341",-0.296,-0.465,-260.742,-72.937,-12.024
"
0.258",-0.219,-0.323,-266.602,-78.796,-18.494
"
0.210",-0.193,-0.208,-263.611,-81.909,-18.188
"
0.150",-0.162,-0.096,-255.493,-79.834,-15.381
"
0.080",-0.154,-0.026,-243.713,-78.796,-11.292
"
0.060",-0.204,-0.056,-231.140,-84.717,-2.747
"
0.041",-0.274,-0.054,-228.577,-90.576,2.197
"
0.023",-0.276,-0.052,-240.784,-91.614,-0.732
"
0.030",-0.245,-0.008,-261.475,-90.820,-6.348
"
0.051",-0.158,0.086,-284.668,-89.294,-14.404
"
0.047",-0.019,0.234,-300.903,-91.858,-20.874
"
0.005",0.094,0.409,-303.528,-100.830,-22.766
"
-0.109",0.118,0.570,-291.748,-110.413,-20.081
"
-0.092",0.112,0.600,-273.010,-113.708,-11.292
"
-0.002",0.030,0.599,-256.592,-114.807,-1.099
"
0.007",0.025,0.618,-254.639,-124.512,0.488
"
-0.040",0.051,0.629,-261.963,-138.184,-2.319
"
-0.006",0.019,0.547,-273.987,-139.282,-8.423
"
0.061",0.066,0.585,-298.279,-126.282,-23.682
"
-0.001",0.294,0.842,-324.829,-115.112,-39.246
"
0.006",0.482,1.056,-329.346,-105.164,-43.152
"
0.032",0.516,1.143,-309.021,-98.145,-39.429
"
0.004",0.504,1.204,-285.278,-101.318,-36.133
"
-0.043",0.491,1.236,-268.494,-116.516,-31.433
"
-0.112",0.464,1.318,-260.925,-131.287,-31.128
"
-0.208",0.450,1.465,-259.094,-139.587,-34.607
"
-0.257",0.454,1.622,-258.179,-141.479,-34.790
"
-0.233",0.491,1.790,-257.141,-134.827,-34.973
"
-0.221",0.514,1.955,-250.793,-123.840,-37.659
"
-0.228",0.502,2.089,-233.948,-111.084,-39.185
"
-0.303",0.506,2.272,-206.421,-94.360,-37.170
"
-0.358",0.433,2.290,-167.297,-69.519,-30.579
"
-0.340",0.246,2.132,-127.258,-37.292,-21.240
"
-0.288",0.080,1.963,-103.638,-6.226,-16.418
"
-0.229",0.008,1.905,-97.839,14.526,-16.541
"
-0.165",0.012,1.892,-93.994,17.944,-13.733
"
-0.110",-0.021,1.852,-82.581,7.019,-7.141
"
-0.037",-0.048,1.791,-69.275,-7.263,-0.610
"
0.020",-0.073,1.745,-59.082,-19.409,2.930
"
0.068",-0.094,1.728,-50.964,-29.602,3.296
"
0.067",-0.075,1.983,-42.419,-37.109,1.343
"
-0.107",0.076,2.783,-21.912,-35.522,-3.052
"
-0.133",0.078,2.198,13.794,-17.700,-2.502
"
-0.073",-0.182,1.665,21.912,-10.376,6.531
"
-0.165",-0.022,1.770,20.020,-11.475,4.456
"
-0.200",0.046,1.863,30.029,-22.400,8.423
"
-0.217",0.084,1.943,47.974,-28.870,17.090
"
-0.232",0.127,2.007,65.979,-26.611,22.644
"
-0.249",0.224,2.104,80.688,-23.743,28.748
"
-0.309",0.292,2.214,100.891,-21.179,33.630
"
-0.378",0.339,2.268,125.793,-15.015,39.978
"
-0.431",0.380,2.234,154.114,-3.601,48.523
"
-0.435",0.391,2.163,180.176,14.038,55.542
"
-0.425",0.370,2.064,201.660,36.011,59.082
"
-0.395",0.381,1.971,220.825,54.810,62.439
"
-0.351",0.409,1.863,239.807,64.270,67.810
"
-0.297",0.425,1.764,258.545,63.599,73.853
"
-0.284",0.420,1.670,276.917,58.960,78.186
"
-0.259",0.404,1.589,295.532,54.382,82.520
"
-0.250",0.362,1.473,313.782,49.988,89.783
"
-0.232",0.301,1.299,329.773,50.781,97.351
"
-0.208",0.215,1.145,339.233,59.204,102.173
"
-0.211",0.179,1.047,339.600,73.364,102.539
"
-0.227",0.166,0.949,338.745,90.210,101.990
"
-0.202",0.138,0.829,341.003,107.605,102.356
"
-0.147",0.100,0.705,342.896,121.643,103.638
"
-0.095",0.072,0.582,341.858,130.798,103.699
"
-0.028",0.047,0.488,337.708,136.719,101.196
"
-0.005",0.041,0.460,330.627,139.221,95.825
"
-0.021",0.082,0.439,324.524,138.855,90.271
"
0.012",0.097,0.376,326.538,138.550,88.257
"
0.063",0.037,0.301,328.918,137.024,85.144
"
0.063",0.039,0.235,323.303,139.038,79.712
"
0.087",0.052,0.185,317.139,143.127,75.745
"
0.083",0.063,0.119,315.369,145.386,72.937
"
0.128",0.060,0.040,314.087,149.170,70.435
"
0.173",0.037,0.031,310.486,152.466,64.209
"
0.151",0.026,-0.012,304.749,148.254,56.274
"
0.093",0.009,-0.062,297.058,145.935,50.293
"
-0.010",0.003,-0.123,289.307,152.527,45.349
"
-0.051",-0.012,-0.232,279.846,168.579,44.312
"
-0.039",-0.041,-0.325,267.639,188.171,43.945
"
0.016",-0.041,-0.389,253.357,205.811,40.710
"
0.082",-0.018,-0.443,239.929,215.149,34.424
"
0.117",0.028,-0.494,230.713,213.989,25.269
"
0.148",0.074,-0.555,227.356,205.811,16.235
"
0.176",0.156,-0.657,228.394,196.533,7.324
"
0.208",0.227,-0.848,235.718,183.716,0.732
"
0.276",0.268,-1.134,245.911,169.495,-5.249
"
0.290",0.224,-1.526,251.831,150.940,-15.137
"
0.215",0.255,-1.957,249.329,127.869,-24.963
"
0.063",0.332,-2.462,239.502,107.605,-28.748
"
-0.199",0.381,-3.059,223.816,95.825,-28.320
"
-0.546",0.391,-3.848,200.989,91.431,-24.170
"

-0.308",-0.287,-4.000,106.750,44.250,8.484
"
0.074",-0.558,-4.000,14.587,-4.150,15.259
"
0.240",-0.470,-3.478,-96.313,-53.589,-7.385
"
0.092",-0.156,-2.513,-184.204,-105.042,-48.828
"
-0.164",0.035,-1.625,-227.112,-156.189,-78.857
"
-0.459",0.092,-1.088,-225.525,-197.632,-85.999
"
-0.589",-0.052,-0.908,-200.195,-214.722,-73.181
"
-0.584",-0.354,-0.874,-177.795,-201.172,-49.622
"
-0.562",-0.561,-0.898,-179.687,-168.762,-28.015
"
-0.524",-0.619,-0.881,-203.369,-126.892,-11.230
"
-0.402",-0.628,-0.882,-234.009,-81.360,2.563
"
-0.181",-0.580,-0.855,-266.113,-37.354,11.536
"
0.024",-0.475,-0.796,-292.908,-6.897,15.503
"
0.187",-0.369,-0.664,-306.519,0.793,16.907
"
0.314",-0.253,-0.521,-304.626,-9.766,16.907
"
0.390",-0.210,-0.405,-288.391,-28.992,15.808
"
0.426",-0.229,-0.323,-263.977,-50.842,15.320
"
0.424",-0.267,-0.307,-237.854,-70.251,18.127
"
0.402",-0.345,-0.305,-217.285,-82.886,20.081
"
0.412",-0.456,-0.366,-208.130,-85.144,18.372
"
0.451",-0.538,-0.415,-215.393,-77.698,11.169
"
0.482",-0.552,-0.408,-236.877,-66.956,-1.892
"
0.498",-0.492,-0.300,-263.000,-59.814,-17.334
"
0.506",-0.359,-0.163,-282.837,-60.425,-30.945
"
0.476",-0.239,0.019,-288.025,-70.435,-40.161
"
0.338",-0.165,0.242,-279.602,-86.792,-46.143
"
0.249",-0.175,0.357,-258.728,-102.844,-43.518
"
0.170",-0.240,0.396,-235.413,-115.662,-34.851
"
0.063",-0.289,0.411,-220.581,-120.544,-28.870
"
0.027",-0.365,0.347,-214.966,-118.469,-24.597
"
0.046",-0.441,0.282,-223.938,-109.741,-25.757
"
0.059",-0.411,0.317,-249.634,-94.177,-36.255
"
0.118",-0.252,0.469,-278.259,-79.224,-48.218
"
0.103",-0.059,0.743,-290.894,-75.989,-56.091
"
0.037",0.018,0.928,-276.672,-87.036,-54.321
"
-0.067",-0.044,0.975,-248.230,-100.769,-39.551
"
-0.105",-0.104,0.968,-222.351,-102.783,-23.743
"
-0.108",-0.147,0.935,-203.796,-95.398,-10.071
"
-0.081",-0.198,0.886,-189.880,-86.426,-0.427
"
-0.004",-0.245,0.801,-183.838,-76.233,4.395
"
0.053",-0.245,0.787,-191.284,-71.594,0.183
"
0.073",-0.178,0.844,-206.726,-71.899,-11.108
"
0.086",-0.106,0.896,-219.421,-82.642,-20.325
"
0.065",-0.053,0.944,-226.562,-97.168,-28.198
"
0.003",0.008,1.072,-228.516,-112.427,-32.532
"
-0.173",0.105,1.278,-221.558,-123.413,-32.532
"
-0.308",0.089,1.331,-198.120,-118.469,-26.123
"
-0.325",-0.016,1.233,-171.631,-95.459,-13.367
"
-0.238",-0.091,1.115,-159.790,-61.584,-5.432
"
-0.155",-0.103,1.076,-166.138,-36.804,-8.362
"
-0.097",-0.045,1.112,-180.359,-26.489,-14.526
"
-0.061",0.014,1.162,-189.087,-27.283,-18.494
"
0.000",0.065,1.193,-189.087,-33.936,-18.677
"
-0.003",0.097,1.264,-182.251,-46.753,-17.212
"
-0.041",0.112,1.306,-169.556,-59.998,-14.526
"
-0.042",0.110,1.351,-156.006,-64.697,-9.705
"
-0.048",0.172,1.431,-145.630,-60.486,-8.301
"
-0.125",0.178,1.498,-132.935,-57.739,-9.277
"
-0.238",0.142,1.538,-117.737,-57.922,-7.385
"
-0.285",0.143,1.491,-102.356,-55.359,-1.465
"
-0.308",0.078,1.449,-89.966,-47.119,1.587
